fixture_id,date,round,group,home_team,away_team,home_win_probability,draw_probability,away_win_probability,predicted_class,predicted_result,prediction_policy,home_fotmob_matches_before,away_fotmob_matches_before,fotmob_points_per_match_diff,fotmob_goal_difference_per_match_diff,fotmob_avg_player_rating_diff,fotmob_starting_xi_avg_rating_diff,fotmob_shots_on_target_per_match_diff,fotmob_expected_goals_per_match_diff,fotmob_chances_created_per_match_diff,fotmob_yellow_cards_per_match_diff,fotmob_red_cards_per_match_diff,fotmob_momentum_score,home_squad_size,home_squad_avg_age,home_squad_median_age,home_num_goalkeepers,home_num_defenders,home_num_midfielders,home_num_forwards,away_squad_size,away_squad_avg_age,away_squad_median_age,away_num_goalkeepers,away_num_defenders,away_num_midfielders,away_num_forwards,squad_size_diff,squad_avg_age_diff,squad_median_age_diff,num_goalkeepers_diff,num_defenders_diff,num_midfielders_diff,num_forwards_diff,fotmob_feature_count,fotmob_feature_reliability,fotmob_enrichment_score,fotmob_probability_shift,fotmob_top_signals,fotmob_enriched_home_win_probability,fotmob_enriched_draw_probability,fotmob_enriched_away_win_probability,fotmob_enriched_predicted_class,fotmob_enriched_predicted_result,fotmob_adjusted_home_win_probability,fotmob_adjusted_draw_probability,fotmob_adjusted_away_win_probability,predicted_at,prediction_source,model_version
537327,2026-06-11T19:00:00Z,GROUP_STAGE,GROUP_A,Mexico,South Africa,0.7569860219955444,0.155650720000267,0.0873632729053497,2,Team A win,draw_threshold,0,0,,,,,,,,,,,26.0,27.5,28.0,3.0,6.0,9.0,8.0,26.0,26.346153846153847,25.5,3.0,10.0,7.0,6.0,0.0,1.1538461538461533,2.5,0.0,-4.0,2.0,2.0,0,0.0,0.0,0.0,,0.7569860107155739,0.1556507176808906,0.0873632716035355,2,Team A win,0.7569860107155739,0.1556507176808906,0.0873632716035355,2026-06-23T14:21:46.668538+00:00,retrospective_backtest,legacy_best_61_4
537328,2026-06-12T02:00:00Z,GROUP_STAGE,GROUP_A,South Korea,Czechia,0.9422763586044312,0.0413969457149505,0.0163267031311988,2,Team A win,draw_threshold,0,0,,,,,,,,,,,26.0,27.46153846153846,28.0,3.0,9.0,8.0,6.0,26.0,27.23076923076923,27.0,3.0,7.0,11.0,5.0,0.0,0.2307692307692299,1.0,0.0,2.0,-3.0,1.0,0,0.0,0.0,0.0,,0.9422763515839252,0.0413969454065192,0.0163267030095554,2,Team A win,0.9422763515839252,0.0413969454065192,0.0163267030095554,2026-06-23T14:21:46.668538+00:00,retrospective_backtest,legacy_best_61_4
537333,2026-06-12T19:00:00Z,GROUP_STAGE,GROUP_B,Canada,Bosnia-Herzegovina,0.7004978656768799,0.2061344981193542,0.093367651104927,2,Team A win,draw_threshold,0,0,,,,,,,,,,,26.0,26.46153846153846,26.0,3.0,8.0,9.0,6.0,26.0,25.923076923076923,27.0,3.0,8.0,8.0,7.0,0.0,0.5384615384615365,-1.0,0.0,0.0,1.0,-1.0,0,0.0,0.0,0.0,,0.7004978552386484,0.2061344950477109,0.0933676497136406,2,Team A win,0.7004978552386484,0.2061344950477109,0.0933676497136406,2026-06-23T14:21:46.668538+00:00,retrospective_backtest,legacy_best_61_4
537345,2026-06-13T01:00:00Z,GROUP_STAGE,GROUP_D,United States,Paraguay,0.4722192287445068,0.2590845823287964,0.2686962485313415,2,Team A win,draw_threshold,0,0,,,,,,,,,,,26.0,26.423076923076923,26.5,3.0,9.0,8.0,6.0,26.0,28.53846153846154,29.0,3.0,8.0,8.0,7.0,0.0,-2.1153846153846168,-2.5,0.0,1.0,0.0,-1.0,0,0.0,0.0,0.0,,0.4722192005980491,0.2590845668861528,0.268696232515798,2,Team A win,0.4722192005980491,0.2590845668861528,0.268696232515798,2026-06-23T14:21:46.668538+00:00,retrospective_backtest,legacy_best_61_4
537334,2026-06-13T19:00:00Z,GROUP_STAGE,GROUP_B,Qatar,Switzerland,0.179494023323059,0.1950162202119827,0.6254897713661194,0,Team A loss,draw_threshold,0,0,,,,,,,,,,,26.0,28.846153846153847,29.0,3.0,9.0,8.0,6.0,26.0,27.807692307692307,28.5,3.0,8.0,10.0,5.0,0.0,1.03846153846154,0.5,0.0,1.0,-2.0,1.0,0,0.0,0.0,0.0,,0.1794940206483897,0.1950162173060146,0.6254897620455956,0,Team A loss,0.1794940206483897,0.1950162173060146,0.6254897620455956,2026-06-23T14:21:46.668538+00:00,retrospective_backtest,legacy_best_61_4
537339,2026-06-13T22:00:00Z,GROUP_STAGE,GROUP_C,Brazil,Morocco,0.3908826112747192,0.2443260848522186,0.3647912740707397,2,Team A win,draw_threshold,0,0,,,,,,,,,,,26.0,28.65384615384616,28.5,3.0,9.0,5.0,9.0,26.0,25.884615384615383,25.5,3.0,9.0,9.0,5.0,0.0,2.7692307692307736,3.0,0.0,0.0,-4.0,4.0,0,0.0,0.0,0.0,,0.3908826229239291,0.2443260921337036,0.3647912849423672,2,Team A win,0.3908826229239291,0.2443260921337036,0.3647912849423672,2026-06-23T14:21:46.668538+00:00,retrospective_backtest,legacy_best_61_4
537340,2026-06-14T01:00:00Z,GROUP_STAGE,GROUP_C,Haiti,Scotland,0.2248342782258987,0.2420757114887237,0.5330899953842163,0,Team A loss,draw_threshold,0,0,,,,,,,,,,,26.0,27.0,26.0,3.0,9.0,6.0,8.0,26.0,29.08,29.0,3.0,10.0,8.0,5.0,0.0,-2.0799999999999983,-3.0,0.0,-1.0,-2.0,3.0,0,0.0,0.0,0.0,,0.2248342815761906,0.242075715095933,0.5330900033278764,0,Team A loss,0.2248342815761906,0.242075715095933,0.5330900033278764,2026-06-23T14:21:46.668538+00:00,retrospective_backtest,legacy_best_61_4
537346,2026-06-14T04:00:00Z,GROUP_STAGE,GROUP_D,Australia,Turkey,0.4544152319431305,0.2658584117889404,0.2797263562679291,2,Team A win,draw_threshold,0,0,,,,,,,,,,,26.0,26.884615384615383,26.5,3.0,10.0,8.0,5.0,26.0,27.23076923076923,27.0,3.0,10.0,8.0,5.0,0.0,-0.3461538461538467,-0.5,0.0,0.0,0.0,0.0,0,0.0,0.0,0.0,,0.4544152319431305,0.2658584117889404,0.2797263562679291,2,Team A win,0.4544152319431305,0.2658584117889404,0.2797263562679291,2026-06-23T14:21:46.668538+00:00,retrospective_backtest,legacy_best_61_4
537351,2026-06-14T17:00:00Z,GROUP_STAGE,GROUP_E,Germany,Curaçao,0.911023199558258,0.0602065399289131,0.0287702064961195,2,Team A win,draw_threshold,0,0,,,,,,,,,,,26.0,27.615384615384617,27.5,3.0,7.0,10.0,6.0,26.0,27.53846153846154,26.5,3.0,11.0,4.0,8.0,0.0,0.0769230769230766,1.0,0.0,-4.0,6.0,-2.0,0,0.0,0.0,0.0,,0.911023248768736,0.0602065431810724,0.0287702080501914,2,Team A win,0.911023248768736,0.0602065431810724,0.0287702080501914,2026-06-23T14:21:46.668538+00:00,retrospective_backtest,legacy_best_61_4
537357,2026-06-14T20:00:00Z,GROUP_STAGE,GROUP_F,Netherlands,Japan,0.3923616707324981,0.2663000524044037,0.3413383066654205,2,Team A win,draw_threshold,0,0,,,,,,,,,,,26.0,27.26923076923077,27.0,3.0,7.0,11.0,5.0,26.0,27.192307692307693,27.0,3.0,9.0,7.0,7.0,0.0,0.0769230769230766,0.0,0.0,-2.0,4.0,-2.0,0,0.0,0.0,0.0,,0.3923616590392095,0.2663000444680439,0.3413382964927465,2,Team A win,0.3923616590392095,0.2663000444680439,0.3413382964927465,2026-06-23T14:21:46.668538+00:00,retrospective_backtest,legacy_best_61_4
537352,2026-06-14T23:00:00Z,GROUP_STAGE,GROUP_E,Ivory Coast,Ecuador,0.2938257455825805,0.2726498544216156,0.4335243999958038,0,Team A loss,draw_threshold,0,0,,,,,,,,,,,26.0,25.346153846153847,25.0,3.0,8.0,7.0,8.0,26.0,25.57692307692308,25.0,3.0,8.0,8.0,7.0,0.0,-0.2307692307692335,0.0,0.0,0.0,-1.0,1.0,0,0.0,0.0,0.0,,0.2938257455825805,0.2726498544216156,0.4335243999958038,0,Team A loss,0.2938257455825805,0.2726498544216156,0.4335243999958038,2026-06-23T14:21:46.668538+00:00,retrospective_backtest,legacy_best_61_4
537358,2026-06-15T02:00:00Z,GROUP_STAGE,GROUP_F,Sweden,Tunisia,0.5051547288894653,0.2422081232070922,0.25263711810112,2,Team A win,draw_threshold,0,0,,,,,,,,,,,26.0,27.0,27.0,3.0,10.0,7.0,6.0,26.0,26.15384615384616,26.5,3.0,10.0,7.0,6.0,0.0,0.8461538461538431,0.5,0.0,0.0,0.0,0.0,0,0.0,0.0,0.0,,0.5051547439442499,0.242208130425457,0.252637125630293,2,Team A win,0.5051547439442499,0.242208130425457,0.252637125630293,2026-06-23T14:21:46.668538+00:00,retrospective_backtest,legacy_best_61_4
537369,2026-06-15T16:00:00Z,GROUP_STAGE,GROUP_H,Spain,Cape Verde Islands,0.9462583661079408,0.0370494574308395,0.0166921727359294,2,Team A win,draw_threshold,0,0,,,,,,,,,,,26.0,26.192307692307693,26.5,3.0,7.0,11.0,5.0,26.0,29.23076923076923,29.0,3.0,8.0,8.0,7.0,0.0,-3.0384615384615365,-2.5,0.0,-1.0,3.0,-2.0,0,0.0,0.0,0.0,,0.9462583696330278,0.0370494575688595,0.0166921727981126,2,Team A win,0.9462583696330278,0.0370494575688595,0.0166921727981126,2026-06-23T14:21:46.668538+00:00,retrospective_backtest,legacy_best_61_4
537363,2026-06-15T19:00:00Z,GROUP_STAGE,GROUP_G,Belgium,Egypt,0.6041672825813293,0.2128720432519912,0.1829607188701629,2,Team A win,draw_threshold,0,0,,,,,,,,,,,26.0,27.115384615384617,25.5,3.0,9.0,10.0,4.0,26.0,28.65384615384616,28.5,4.0,8.0,9.0,5.0,0.0,-1.53846153846154,-3.0,-1.0,1.0,1.0,-1.0,0,0.0,0.0,0.0,,0.6041672555729484,0.2128720337358698,0.1829607106911818,2,Team A win,0.6041672555729484,0.2128720337358698,0.1829607106911818,2026-06-23T14:21:46.668538+00:00,retrospective_backtest,legacy_best_61_4
537370,2026-06-15T22:00:00Z,GROUP_STAGE,GROUP_H,Saudi Arabia,Uruguay,0.2642433941364288,0.283770889043808,0.4519856572151184,0,Team A loss,draw_threshold,0,0,,,,,,,,,,,26.0,27.96153846153846,26.5,3.0,9.0,9.0,5.0,26.0,28.192307692307693,27.0,3.0,9.0,10.0,4.0,0.0,-0.2307692307692335,-0.5,0.0,0.0,-1.0,1.0,0,0.0,0.0,0.0,,0.2642434098865634,0.283770905957872,0.4519856841555645,0,Team A loss,0.2642434098865634,0.283770905957872,0.4519856841555645,2026-06-23T14:21:46.668538+00:00,retrospective_backtest,legacy_best_61_4
537364,2026-06-16T01:00:00Z,GROUP_STAGE,GROUP_G,Iran,New Zealand,0.6636757254600525,0.2024446278810501,0.1338796466588974,2,Team A win,draw_threshold,0,0,,,,,,,,,,,26.0,29.846153846153847,31.0,3.0,9.0,6.0,8.0,26.0,27.615384615384617,27.0,3.0,9.0,7.0,7.0,0.0,2.23076923076923,4.0,0.0,0.0,-1.0,1.0,0,0.0,0.0,0.0,,0.6636757254600525,0.2024446278810501,0.1338796466588974,2,Team A win,0.6636757254600525,0.2024446278810501,0.1338796466588974,2026-06-23T14:21:46.668538+00:00,retrospective_backtest,legacy_best_61_4
537391,2026-06-16T19:00:00Z,GROUP_STAGE,GROUP_I,France,Senegal,0.6844421029090881,0.1907001733779907,0.1248577460646629,2,Team A win,draw_threshold,0,0,,,,,,,,,,,26.0,26.57692307692308,27.0,3.0,9.0,8.0,6.0,27.0,27.296296296296298,26.0,3.0,7.0,10.0,6.0,-1.0,-0.7193732193732174,1.0,0.0,2.0,-2.0,0.0,0,0.0,0.0,0.0,,0.6844420876106153,0.1907001691155097,0.1248577432738748,2,Team A win,0.6844420876106153,0.1907001691155097,0.1248577432738748,2026-06-23T14:21:46.668538+00:00,retrospective_backtest,legacy_best_61_4
537392,2026-06-16T22:00:00Z,GROUP_STAGE,GROUP_I,Iraq,Norway,0.2711897194385528,0.2294136583805084,0.4993966221809387,0,Team A loss,draw_threshold,0,0,,,,,,,,,,,26.0,26.65384615384616,25.5,3.0,9.0,8.0,6.0,26.0,26.346153846153847,26.5,3.0,9.0,9.0,5.0,0.0,0.3076923076923101,-1.0,0.0,0.0,-1.0,1.0,0,0.0,0.0,0.0,,0.2711897194385528,0.2294136583805084,0.4993966221809387,0,Team A loss,0.2711897194385528,0.2294136583805084,0.4993966221809387,2026-06-23T14:21:46.668538+00:00,retrospective_backtest,legacy_best_61_4
537397,2026-06-17T01:00:00Z,GROUP_STAGE,GROUP_J,Argentina,Algeria,0.7303176522254944,0.1760252267122268,0.0936571359634399,2,Team A win,draw_threshold,0,0,,,,,,,,,,,26.0,28.615384615384617,28.0,3.0,9.0,8.0,6.0,26.0,26.46153846153846,26.0,3.0,9.0,8.0,6.0,0.0,2.153846153846157,2.0,0.0,0.0,0.0,0.0,0,0.0,0.0,0.0,,0.7303176413429134,0.1760252240892466,0.0936571345678398,2,Team A win,0.7303176413429134,0.1760252240892466,0.0936571345678398,2026-06-23T14:21:46.668538+00:00,retrospective_backtest,legacy_best_61_4
537398,2026-06-17T04:00:00Z,GROUP_STAGE,GROUP_J,Austria,Jordan,0.6890420913696289,0.1720008701086044,0.138956993818283,2,Team A win,draw_threshold,0,0,,,,,,,,,,,26.0,28.115384615384617,28.0,3.0,9.0,11.0,3.0,26.0,28.03846153846154,28.5,3.0,8.0,7.0,8.0,0.0,0.0769230769230766,-0.5,0.0,1.0,4.0,-5.0,0,0.0,0.0,0.0,,0.6890421221722121,0.1720008777976428,0.138957000030145,2,Team A win,0.6890421221722121,0.1720008777976428,0.138957000030145,2026-06-23T14:21:46.668538+00:00,retrospective_backtest,legacy_best_61_4
537403,2026-06-17T17:00:00Z,GROUP_STAGE,GROUP_K,Portugal,Congo DR,0.7975218892097473,0.1196341589093208,0.0828439593315124,2,Team A win,draw_threshold,0,0,,,,,,,,,,,26.0,27.53846153846154,26.5,3.0,9.0,7.0,7.0,26.0,28.5,29.0,3.0,8.0,7.0,8.0,0.0,-0.96153846153846,-2.5,0.0,1.0,0.0,-1.0,0,0.0,0.0,0.0,,0.7975218832677462,0.1196341580179768,0.0828439587142768,2,Team A win,0.7975218832677462,0.1196341580179768,0.0828439587142768,2026-06-23T14:21:46.668538+00:00,retrospective_backtest,legacy_best_61_4
537409,2026-06-17T20:00:00Z,GROUP_STAGE,GROUP_L,England,Croatia,0.5805612802505493,0.2604249119758606,0.1590138226747512,2,Team A win,draw_threshold,0,0,,,,,,,,,,,26.0,26.615384615384617,25.5,3.0,9.0,8.0,6.0,26.0,27.884615384615383,28.0,3.0,7.0,10.0,6.0,0.0,-1.2692307692307665,-2.5,0.0,2.0,-2.0,0.0,0,0.0,0.0,0.0,,0.5805612715995122,0.260424908095227,0.1590138203052607,2,Team A win,0.5805612715995122,0.260424908095227,0.1590138203052607,2026-06-23T14:21:46.668538+00:00,retrospective_backtest,legacy_best_61_4
537410,2026-06-17T23:00:00Z,GROUP_STAGE,GROUP_L,Ghana,Panama,0.2372102588415146,0.2463575154542923,0.5164322257041931,0,Team A loss,draw_threshold,0,0,,,,,,,,,,,26.0,26.423076923076923,26.5,3.0,9.0,5.0,9.0,26.0,30.0,29.5,3.0,10.0,9.0,4.0,0.0,-3.5769230769230766,-3.0,0.0,-1.0,-4.0,5.0,0,0.0,0.0,0.0,,0.2372102588415146,0.2463575154542923,0.5164322257041931,0,Team A loss,0.2372102588415146,0.2463575154542923,0.5164322257041931,2026-06-23T14:21:46.668538+00:00,retrospective_backtest,legacy_best_61_4
537404,2026-06-18T02:00:00Z,GROUP_STAGE,GROUP_K,Uzbekistan,Colombia,0.2385900467634201,0.2633236050605774,0.4980863034725189,0,Team A loss,draw_threshold,0,0,,,,,,,,,,,26.0,27.65384615384616,28.0,3.0,10.0,9.0,4.0,26.0,29.615384615384617,29.0,3.0,8.0,10.0,5.0,0.0,-1.96153846153846,-1.0,0.0,2.0,-1.0,-1.0,0,0.0,0.0,0.0,,0.2385900574292268,0.2633236168320603,0.4980863257387128,0,Team A loss,0.2385900574292268,0.2633236168320603,0.4980863257387128,2026-06-23T14:21:46.668538+00:00,retrospective_backtest,legacy_best_61_4
537329,2026-06-18T16:00:00Z,GROUP_STAGE,GROUP_A,Czechia,South Africa,0.2155675292015075,0.2265684008598327,0.5578640699386597,0,Team A loss,draw_threshold,1,1,0.0,1.0,0.450000000000001,0.6000000000000005,0.0,,0.0,0.0,0.0,0.3400000000000002,26.0,27.23076923076923,27.0,3.0,7.0,11.0,5.0,26.0,26.346153846153847,25.5,3.0,10.0,7.0,6.0,0.0,0.8846153846153832,1.5,0.0,-3.0,4.0,-1.0,8,0.4444444444444444,0.2284848484848486,0.0101548821548821,starting XI rating:home; goal difference:home; player rating:home,0.2261817812231702,0.2249943827172571,0.5488238360595725,0,Team A loss,0.2261817812231702,0.2249943827172571,0.5488238360595725,2026-06-23T14:21:46.668538+00:00,retrospective_backtest,legacy_best_61_4
537335,2026-06-18T19:00:00Z,GROUP_STAGE,GROUP_B,Switzerland,Bosnia-Herzegovina,0.7633963227272034,0.1485277861356735,0.0880758836865425,2,Team A win,draw_threshold,1,1,0.0,0.0,0.0,0.2000000000000001,0.0,,0.0,0.0,0.0,0.0,26.0,27.807692307692307,28.5,3.0,8.0,10.0,5.0,26.0,25.923076923076923,27.0,3.0,8.0,8.0,7.0,0.0,1.8846153846153832,1.5,0.0,0.0,2.0,-2.0,8,0.4444444444444444,0.0290909090909091,0.0011463158655648,starting XI rating:home; points per match:away; goal difference:away,0.764717965957773,0.1483325312545153,0.0869495027877116,2,Team A win,0.764717965957773,0.1483325312545153,0.0869495027877116,2026-06-23T14:21:46.668538+00:00,retrospective_backtest,legacy_best_61_4
537336,2026-06-18T22:00:00Z,GROUP_STAGE,GROUP_B,Canada,Qatar,0.6854764819145203,0.2058631926774978,0.1086603477597236,2,Team A win,draw_threshold,1,1,0.0,0.0,0.0,0.2000000000000001,0.0,,0.0,0.0,0.0,0.0,26.0,26.46153846153846,26.0,3.0,8.0,9.0,6.0,26.0,28.846153846153847,29.0,3.0,9.0,8.0,6.0,0.0,-2.384615384615387,-3.0,0.0,-1.0,1.0,0.0,8,0.4444444444444444,0.0290909090909091,0.0012470607102519,starting XI rating:home; points per match:away; goal difference:away,0.6868948471866761,0.2056650713044539,0.1074400815088699,2,Team A win,0.6868948471866761,0.2056650713044539,0.1074400815088699,2026-06-23T14:21:46.668538+00:00,retrospective_backtest,legacy_best_61_4
537330,2026-06-19T01:00:00Z,GROUP_STAGE,GROUP_A,Mexico,South Korea,0.5011179447174072,0.2622926831245422,0.2365893572568893,2,Team A win,draw_threshold,1,1,0.0,1.0,-0.450000000000001,-0.3000000000000007,0.0,,0.0,0.0,0.0,0.1599999999999997,26.0,27.5,28.0,3.0,6.0,9.0,8.0,26.0,27.46153846153846,28.0,3.0,9.0,8.0,6.0,0.0,0.0384615384615401,0.0,0.0,-3.0,1.0,2.0,8,0.4444444444444444,-0.0333333333333335,-0.0014814814814814,goal difference:home; player rating:away; starting XI rating:away,0.4997845549958873,0.2620740423015428,0.2381414027025698,2,Team A win,0.4997845549958873,0.2620740423015428,0.2381414027025698,2026-06-23T14:21:46.668538+00:00,retrospective_backtest,legacy_best_61_4
537348,2026-06-19T19:00:00Z,GROUP_STAGE,GROUP_D,United States,Australia,0.3634484708309173,0.2556073665618896,0.3809441924095154,0,Team A loss,draw_threshold,1,1,0.0,1.0,-0.2500000000000009,0.0999999999999996,0.0,,0.0,0.0,0.0,0.1999999999999998,26.0,26.423076923076923,26.5,3.0,9.0,8.0,6.0,26.0,26.884615384615383,26.5,3.0,10.0,8.0,5.0,0.0,-0.4615384615384599,0.0,0.0,-1.0,0.0,1.0,8,0.4444444444444444,0.0539393939393937,0.0023973063973063,goal difference:home; player rating:away; starting XI rating:home,0.3660212593412539,0.2552502803013533,0.3787284603573926,0,Team A loss,0.3660212593412539,0.2552502803013533,0.3787284603573926,2026-06-23T14:21:46.668538+00:00,retrospective_backtest,legacy_best_61_4
537342,2026-06-19T22:00:00Z,GROUP_STAGE,GROUP_C,Scotland,Morocco,0.2349807173013687,0.2468332797288894,0.5181860327720642,0,Team A loss,draw_threshold,1,1,2.0,1.0,-0.1499999999999994,-0.0999999999999996,0.0,,0.0,0.0,0.0,0.92,26.0,29.08,29.0,3.0,10.0,8.0,5.0,26.0,25.884615384615383,25.5,3.0,9.0,9.0,5.0,0.0,3.195384615384615,3.5,0.0,1.0,-1.0,0.0,8,0.4444444444444444,0.2939393939393941,0.013063973063973,points per match:home; goal difference:home; player rating:away,0.2486944705264924,0.2448602473538645,0.506445282119643,0,Team A loss,0.2486944705264924,0.2448602473538645,0.506445282119643,2026-06-23T14:21:46.668538+00:00,retrospective_backtest,legacy_best_61_4
537341,2026-06-20T00:30:00Z,GROUP_STAGE,GROUP_C,Brazil,Haiti,0.7924160957336426,0.1253880262374878,0.0821959003806114,2,Team A win,draw_threshold,1,1,1.0,1.0,0.1499999999999994,0.2000000000000001,0.0,,0.0,0.0,0.0,0.6299999999999999,26.0,28.65384615384616,28.5,3.0,9.0,5.0,9.0,26.0,27.0,26.0,3.0,9.0,6.0,8.0,0.0,1.6538461538461569,2.5,0.0,0.0,-1.0,1.0,8,0.4444444444444444,0.2539393939393938,0.0096788594178479,points per match:home; goal difference:home; starting XI rating:home,0.803650621465746,0.1236916904858672,0.0726576880483868,2,Team A win,0.803650621465746,0.1236916904858672,0.0726576880483868,2026-06-23T14:21:46.668538+00:00,retrospective_backtest,legacy_best_61_4
537347,2026-06-20T03:00:00Z,GROUP_STAGE,GROUP_D,Turkey,Paraguay,0.4766144156455993,0.2440724968910217,0.2793130874633789,2,Team A win,draw_threshold,1,1,0.0,1.0,0.2500000000000009,0.6000000000000005,0.0,,0.0,0.0,0.0,0.3000000000000001,26.0,27.23076923076923,27.0,3.0,10.0,8.0,5.0,26.0,28.53846153846154,29.0,3.0,8.0,8.0,7.0,0.0,-1.3076923076923102,-2.0,0.0,2.0,0.0,-2.0,8,0.4444444444444444,0.1993939393939395,0.0088619528619528,starting XI rating:home; goal difference:home; player rating:home,0.4863383500141092,0.2427303192480998,0.2709313307377909,2,Team A win,0.4863383500141092,0.2427303192480998,0.2709313307377909,2026-06-23T14:21:46.668538+00:00,retrospective_backtest,legacy_best_61_4
537359,2026-06-20T17:00:00Z,GROUP_STAGE,GROUP_F,Netherlands,Sweden,0.7107161283493042,0.1821939945220947,0.107089914381504,2,Team A win,draw_threshold,1,1,-2.0,-4.0,0.3499999999999996,-0.2999999999999998,0.0,,0.0,0.0,0.0,-1.63,26.0,27.26923076923077,27.0,3.0,7.0,11.0,5.0,26.0,27.0,27.0,3.0,10.0,7.0,6.0,0.0,0.26923076923077,0.0,0.0,-3.0,4.0,-1.0,8,0.4444444444444444,-0.4745454545454545,-0.0198103507475419,points per match:away; goal difference:away; player rating:home,0.6936540577976202,0.1789408940814851,0.1274050481208946,2,Team A win,0.6936540577976202,0.1789408940814851,0.1274050481208946,2026-06-23T14:21:46.668538+00:00,retrospective_backtest,legacy_best_61_4
537353,2026-06-20T20:00:00Z,GROUP_STAGE,GROUP_E,Germany,Ivory Coast,0.6976494193077087,0.1782971769571304,0.1240533515810966,2,Team A win,draw_threshold,1,1,0.0,5.0,-0.0999999999999996,0.5,0.0,,0.0,0.0,0.0,1.23,26.0,27.615384615384617,27.5,3.0,7.0,10.0,6.0,26.0,25.346153846153847,25.0,3.0,8.0,7.0,8.0,0.0,2.26923076923077,2.5,0.0,-1.0,3.0,-2.0,8,0.4444444444444444,0.2854545454545454,0.0120823467611062,goal difference:home; starting XI rating:home; player rating:away,0.7114510027175502,0.1763067566741156,0.1122422406083341,2,Team A win,0.7114510027175502,0.1763067566741156,0.1122422406083341,2026-06-23T14:21:46.668538+00:00,retrospective_backtest,legacy_best_61_4
537354,2026-06-21T00:00:00Z,GROUP_STAGE,GROUP_E,Ecuador,Curaçao,0.844640851020813,0.0965480953454971,0.0588110759854316,2,Team A win,draw_threshold,1,1,0.0,5.0,0.0999999999999996,0.6999999999999993,0.0,,0.0,0.0,0.0,1.27,26.0,25.57692307692308,25.0,3.0,8.0,8.0,7.0,26.0,27.53846153846154,26.5,3.0,11.0,4.0,8.0,0.0,-1.96153846153846,-1.5,0.0,-3.0,4.0,-1.0,8,0.4444444444444444,0.3436363636363634,0.0123000306389548,goal difference:home; starting XI rating:home; player rating:home,0.8590541409091522,0.0943201151707813,0.0466257439200664,2,Team A win,0.8590541409091522,0.0943201151707813,0.0466257439200664,2026-06-23T14:21:46.668538+00:00,retrospective_backtest,legacy_best_61_4
537360,2026-06-21T04:00:00Z,GROUP_STAGE,GROUP_F,Tunisia,Japan,0.1193800345063209,0.2209732085466385,0.65964674949646,0,Team A loss,draw_threshold,1,1,-1.0,-4.0,-0.3499999999999996,-1.0,0.0,,0.0,0.0,0.0,-1.42,26.0,26.15384615384616,26.5,3.0,10.0,7.0,6.0,26.0,27.192307692307693,27.0,3.0,9.0,7.0,7.0,0.0,-1.0384615384615363,-0.5,0.0,1.0,0.0,-1.0,8,0.4444444444444444,-0.5509090909090909,-0.0242486492850563,goal difference:away; starting XI rating:away; points per match:away,0.095594995839004,0.2171767287735008,0.6872282753874951,0,Team A loss,0.095594995839004,0.2171767287735008,0.6872282753874951,2026-06-23T14:21:46.668538+00:00,retrospective_backtest,legacy_best_61_4
537371,2026-06-21T16:00:00Z,GROUP_STAGE,GROUP_H,Spain,Saudi Arabia,0.8485365509986877,0.1224954426288604,0.0289679784327745,2,Team A win,draw_threshold,1,1,0.0,0.0,0.1499999999999994,0.5,0.0,,0.0,0.0,0.0,0.0299999999999998,26.0,26.192307692307693,26.5,3.0,7.0,11.0,5.0,26.0,27.96153846153846,26.5,3.0,9.0,9.0,5.0,0.0,-1.7692307692307665,0.0,0.0,-2.0,2.0,0.0,8,0.4444444444444444,0.0945454545454544,0.0033677656038842,starting XI rating:home; player rating:home; points per match:away,0.8524785299948203,0.1219040017348457,0.0256174682703339,2,Team A win,0.8524785299948203,0.1219040017348457,0.0256174682703339,2026-06-23T14:21:46.668538+00:00,retrospective_backtest,legacy_best_61_4
537365,2026-06-21T19:00:00Z,GROUP_STAGE,GROUP_G,Belgium,Iran,0.4893979132175445,0.2491649091243744,0.261437177658081,2,Team A win,draw_threshold,1,1,0.0,0.0,0.1000000000000005,0.1000000000000005,0.0,,0.0,0.0,0.0,0.0200000000000001,26.0,27.115384615384617,25.5,3.0,9.0,10.0,4.0,26.0,29.846153846153847,31.0,3.0,9.0,6.0,8.0,0.0,-2.73076923076923,-5.5,0.0,0.0,4.0,-4.0,8,0.4444444444444444,0.0290909090909092,0.0012929292929292,player rating:home; starting XI rating:home; points per match:away,0.4908177610426223,0.2489707035689336,0.2602115353884441,2,Team A win,0.4908177610426223,0.2489707035689336,0.2602115353884441,2026-06-23T14:21:46.668538+00:00,retrospective_backtest,legacy_best_61_4
537372,2026-06-21T22:00:00Z,GROUP_STAGE,GROUP_H,Uruguay,Cape Verde Islands,0.9017167687416076,0.0732077285647392,0.0250754952430725,2,Team A win,draw_threshold,1,1,0.0,0.0,,,-1.0,,,-1.0,0.0,-0.1,26.0,28.192307692307693,27.0,3.0,9.0,10.0,4.0,26.0,29.23076923076923,29.0,3.0,8.0,8.0,7.0,0.0,-1.0384615384615363,-2.0,0.0,1.0,2.0,-3.0,5,0.2777777777777778,-0.0093896713615023,-0.0001951703785233,shots on target:away; yellow cards:home; points per match:away,0.9015567965164532,0.0731715512180747,0.025271652265472,2,Team A win,0.9015567965164532,0.0731715512180747,0.025271652265472,2026-06-23T14:21:46.668538+00:00,retrospective_backtest,legacy_best_61_4
537366,2026-06-22T01:00:00Z,GROUP_STAGE,GROUP_G,New Zealand,Egypt,0.3077980577945709,0.2388717383146286,0.453330248594284,0,Team A loss,draw_threshold,1,1,0.0,0.0,-0.1000000000000005,-0.1000000000000005,0.0,,0.0,0.0,0.0,-0.0200000000000001,26.0,27.615384615384617,27.0,3.0,9.0,7.0,7.0,26.0,28.65384615384616,28.5,4.0,8.0,9.0,5.0,0.0,-1.03846153846154,-1.5,-1.0,1.0,-2.0,2.0,8,0.4444444444444444,-0.0290909090909092,-0.0012929292929292,player rating:away; starting XI rating:away; points per match:away,0.3065843931847919,0.2386748597299711,0.4547407470852367,0,Team A loss,0.3065843931847919,0.2386748597299711,0.4547407470852367,2026-06-23T14:21:46.668538+00:00,retrospective_backtest,legacy_best_61_4
537399,2026-06-22T17:00:00Z,GROUP_STAGE,GROUP_J,Argentina,Austria,0.7451172471046448,0.1729153096675872,0.0819674283266067,2,Team A win,draw_threshold,1,1,0.0,1.0,-0.2000000000000001,0.1000000000000005,0.0,,0.0,0.0,0.0,0.2099999999999999,26.0,28.615384615384617,28.0,3.0,9.0,8.0,6.0,26.0,28.115384615384617,28.0,3.0,9.0,11.0,3.0,0.0,0.5,0.0,0.0,0.0,-3.0,3.0,8,0.4444444444444444,0.0612121212121212,0.0024617685667994,goal difference:home; player rating:away; starting XI rating:home,0.7479472814381407,0.1725078934267078,0.0795448251351513,2,Team A win,0.7479472814381407,0.1725078934267078,0.0795448251351513,2026-06-23T14:21:46.668538+00:00,retrospective_backtest,legacy_best_61_4
537393,2026-06-22T21:00:00Z,GROUP_STAGE,GROUP_I,France,Iraq,0.8163561224937439,0.1180204227566719,0.06562340259552,2,Team A win,draw_threshold,1,1,3.0,5.0,0.2999999999999998,1.4000000000000004,0.0,,0.0,0.0,0.0,2.36,26.0,26.57692307692308,27.0,3.0,9.0,8.0,6.0,26.0,26.65384615384616,25.5,3.0,9.0,8.0,6.0,0.0,-0.0769230769230766,1.5,0.0,0.0,0.0,0.0,8,0.4444444444444444,0.6709090909090909,0.0248577447110956,points per match:home; goal difference:home; starting XI rating:home,0.8454169430055021,0.1136137158889189,0.0409693411055788,2,Team A win,0.8454169430055021,0.1136137158889189,0.0409693411055788,2026-06-23T14:21:46.668538+00:00,retrospective_backtest,legacy_best_61_4
537394,2026-06-23T00:00:00Z,GROUP_STAGE,GROUP_I,Norway,Senegal,0.4627401530742645,0.2381718009710312,0.2990880310535431,2,Team A win,draw_threshold,1,1,3.0,5.0,-0.2999999999999998,0.7999999999999998,0.0,,0.0,0.0,0.0,2.24,26.0,26.346153846153847,26.5,3.0,9.0,9.0,5.0,27.0,27.296296296296298,26.0,3.0,7.0,10.0,6.0,-1.0,-0.9501424501424508,0.5,0.0,2.0,-1.0,-1.0,8,0.4444444444444444,0.5545454545454545,0.0246464646464646,points per match:home; goal difference:home; starting XI rating:home,0.4898009976136303,0.2343979275816085,0.2758010748047612,2,Team A win,0.4898009976136303,0.2343979275816085,0.2758010748047612,2026-06-23T14:21:46.668538+00:00,retrospective_backtest,legacy_best_61_4
537400,2026-06-23T03:00:00Z,GROUP_STAGE,GROUP_J,Jordan,Algeria,0.2511711418628692,0.2400495707988739,0.5087792873382568,0,Team A loss,draw_threshold,1,1,0.0,1.0,0.2000000000000001,0.5,0.0,,0.0,0.0,0.0,0.29,26.0,28.03846153846154,28.5,3.0,8.0,7.0,8.0,26.0,26.46153846153846,26.0,3.0,9.0,8.0,6.0,0.0,1.5769230769230802,2.5,0.0,-1.0,-1.0,2.0,8,0.4444444444444444,0.1775757575757575,0.0078922558922558,goal difference:home; starting XI rating:home; player rating:home,0.2594729631596006,0.2388481297322694,0.5016789071081299,0,Team A loss,0.2594729631596006,0.2388481297322694,0.5016789071081299,2026-06-23T14:21:46.668538+00:00,retrospective_backtest,legacy_best_61_4
537405,2026-06-23T17:00:00Z,GROUP_STAGE,GROUP_K,Portugal,Uzbekistan,0.6547334790229797,0.2043424248695373,0.1409241408109665,2,Team A win,draw_threshold,1,1,1.0,2.0,0.0999999999999996,0.5999999999999996,0.0,,0.0,0.0,0.0,0.8699999999999999,26.0,27.53846153846154,26.5,3.0,9.0,7.0,7.0,26.0,27.65384615384616,28.0,3.0,10.0,9.0,4.0,0.0,-0.1153846153846167,-1.5,0.0,-1.0,-2.0,3.0,8,0.4444444444444444,0.3806060606060605,0.0168357542134294,goal difference:home; points per match:home; starting XI rating:home,0.6738381176993432,0.2016542653416797,0.124507616958977,2,Team A win,0.6738381176993432,0.2016542653416797,0.124507616958977,2026-06-23T14:21:46.668538+00:00,retrospective_backtest,legacy_best_61_4
537411,2026-06-23T20:00:00Z,GROUP_STAGE,GROUP_L,England,Ghana,0.8682141900062561,0.1110831648111343,0.0207026842981576,2,Team A win,draw_threshold,1,1,0.0,1.0,0.0499999999999998,0.0,0.0,,0.0,0.0,0.0,0.2599999999999999,26.0,26.615384615384617,25.5,3.0,9.0,8.0,6.0,26.0,26.423076923076923,26.5,3.0,9.0,5.0,9.0,0.0,0.1923076923076934,-1.0,0.0,0.0,3.0,-3.0,8,0.4444444444444444,0.0830303030303029,0.0028849738981587,goal difference:home; player rating:home; points per match:away,0.8716020396380109,0.110569963998509,0.0178279963634801,2,Team A win,0.8716020396380109,0.110569963998509,0.0178279963634801,2026-06-23T14:21:46.668538+00:00,retrospective_backtest,legacy_best_61_4
537412,2026-06-23T23:00:00Z,GROUP_STAGE,GROUP_L,Panama,Croatia,0.2471251934766769,0.266181617975235,0.4866931438446045,0,Team A loss,draw_threshold,1,1,0.0,1.0,-0.0499999999999998,-0.0999999999999996,0.0,,0.0,0.0,0.0,0.24,26.0,30.0,29.5,3.0,10.0,9.0,4.0,26.0,27.884615384615383,28.0,3.0,7.0,10.0,6.0,0.0,2.1153846153846168,1.5,0.0,3.0,-1.0,-2.0,8,0.4444444444444444,0.053939393939394,0.0023973063973064,goal difference:home; starting XI rating:away; player rating:away,0.2496422048047827,0.2658296235907294,0.4845281716044878,0,Team A loss,0.2496422048047827,0.2658296235907294,0.4845281716044878,2026-06-23T14:21:46.668538+00:00,retrospective_backtest,legacy_best_61_4
537406,2026-06-24T02:00:00Z,GROUP_STAGE,GROUP_K,Colombia,Congo DR,0.7325736880302429,0.1601292788982391,0.1072970703244209,2,Team A win,draw_threshold,1,1,2.0,2.0,-0.0999999999999996,0.4000000000000003,0.0,,0.0,0.0,0.0,1.18,26.0,29.615384615384617,29.0,3.0,8.0,10.0,5.0,26.0,28.5,29.0,3.0,8.0,7.0,8.0,0.0,1.1153846153846168,0.0,0.0,0.0,3.0,-3.0,8,0.4444444444444444,0.4496969696969698,0.0183361703294696,points per match:home; goal difference:home; starting XI rating:home,0.7536737282540007,0.1570379338428524,0.0892883379031469,2,Team A win,0.7536737282540007,0.1570379338428524,0.0892883379031469,2026-06-23T14:21:46.668538+00:00,retrospective_backtest,legacy_best_61_4
537337,2026-06-24T19:00:00Z,GROUP_STAGE,GROUP_B,Switzerland,Canada,0.4576813876628876,0.2600876092910766,0.2822310030460357,2,Team A win,draw_threshold,2,2,0.0,-1.5,0.125,0.1999999999999993,0.0,,0.0,0.0,0.0,-0.35,26.0,27.807692307692307,28.5,3.0,8.0,10.0,5.0,26.0,26.46153846153846,26.0,3.0,8.0,9.0,6.0,0.0,1.3461538461538467,2.5,0.0,0.0,1.0,-1.0,8,0.8888888888888888,-0.0663636363636364,-0.0058989898989899,goal difference:away; starting XI rating:home; player rating:home,0.4523160393133097,0.2592136310295034,0.2884703296571869,2,Team A win,0.4523160393133097,0.2592136310295034,0.2884703296571869,2026-06-23T14:21:46.668538+00:00,retrospective_backtest,legacy_best_61_4
537338,2026-06-24T19:00:00Z,GROUP_STAGE,GROUP_B,Bosnia-Herzegovina,Qatar,0.4062801599502563,0.2833985686302185,0.3103213012218475,2,Team A win,draw_threshold,2,2,0.0,1.5,0.125,0.3499999999999996,0.0,,0.0,0.0,0.0,0.4,26.0,25.923076923076923,27.0,3.0,8.0,8.0,7.0,26.0,28.846153846153847,29.0,3.0,9.0,8.0,6.0,0.0,-2.923076923076924,-2.0,0.0,-1.0,0.0,1.0,8,0.8888888888888888,0.1827272727272726,0.0162424242424242,goal difference:home; starting XI rating:home; player rating:home,0.4238996029971028,0.281063104642299,0.2950372923605982,2,Team A win,0.4238996029971028,0.281063104642299,0.2950372923605982,2026-06-23T14:21:46.668538+00:00,retrospective_backtest,legacy_best_61_4
537343,2026-06-24T22:00:00Z,GROUP_STAGE,GROUP_C,Scotland,Brazil,0.2313258051872253,0.2632520496845245,0.5054221153259277,0,Team A loss,draw_threshold,2,2,-0.5,-1.5,0.0500000000000007,-0.2999999999999998,0.0,,0.0,0.0,0.0,-0.5399999999999999,26.0,29.08,29.0,3.0,10.0,8.0,5.0,26.0,28.65384615384616,28.5,3.0,9.0,5.0,9.0,0.0,0.4261538461538414,0.5,0.0,1.0,3.0,-4.0,8,0.8888888888888888,-0.2136363636363635,-0.0189898989898989,goal difference:away; points per match:away; starting XI rating:away,0.2131454346042137,0.2604432357964333,0.5264113295993529,0,Team A loss,0.2131454346042137,0.2604432357964333,0.5264113295993529,2026-06-23T14:21:46.668538+00:00,retrospective_backtest,legacy_best_61_4
537344,2026-06-24T22:00:00Z,GROUP_STAGE,GROUP_C,Morocco,Haiti,0.8112293481826782,0.1264222562313079,0.0623484142124652,2,Team A win,draw_threshold,2,2,2.0,2.5,0.1999999999999993,0.8999999999999995,0.0,,0.0,0.0,0.0,1.3649999999999998,26.0,25.884615384615383,25.5,3.0,9.0,9.0,5.0,26.0,27.0,26.0,3.0,9.0,6.0,8.0,0.0,-1.1153846153846168,-0.5,0.0,0.0,3.0,-3.0,8,0.8888888888888888,0.6039393939393938,0.0450281456989069,points per match:home; goal difference:home; starting XI rating:home,0.8640386897902844,0.118483644647421,0.0174776655622945,2,Team A win,0.8640386897902844,0.118483644647421,0.0174776655622945,2026-06-23T14:21:46.668538+00:00,retrospective_backtest,legacy_best_61_4
537331,2026-06-25T01:00:00Z,GROUP_STAGE,GROUP_A,Czechia,Mexico,0.0704089775681495,0.1599800884723663,0.7696110010147095,0,Team A loss,draw_threshold,2,2,-2.5,-2.0,0.3000000000000007,-0.4499999999999993,0.0,,0.0,0.0,0.0,-1.315,26.0,27.23076923076923,27.0,3.0,7.0,11.0,5.0,26.0,27.5,28.0,3.0,6.0,9.0,8.0,0.0,-0.26923076923077,-1.0,0.0,1.0,2.0,-3.0,8,0.8888888888888888,-0.4278787878787876,-0.0334844246886795,points per match:away; goal difference:away; starting XI rating:away,0.0371734970190626,0.1543166339282902,0.808509869052647,0,Team A loss,0.0371734970190626,0.1543166339282902,0.808509869052647,2026-06-23T14:21:46.668538+00:00,retrospective_backtest,legacy_best_61_4
537332,2026-06-25T01:00:00Z,GROUP_STAGE,GROUP_A,South Africa,South Korea,0.1788681298494339,0.2145946770906448,0.6065372228622437,0,Team A loss,draw_threshold,2,2,-1.0,-1.0,-0.1500000000000003,-0.5500000000000007,0.0,,0.0,0.0,0.0,-0.63,26.0,26.346153846153847,25.5,3.0,10.0,7.0,6.0,26.0,27.46153846153846,28.0,3.0,9.0,8.0,6.0,0.0,-1.1153846153846132,-2.5,0.0,1.0,-1.0,0.0,8,0.8888888888888888,-0.304848484848485,-0.0270976430976431,points per match:away; starting XI rating:away; goal difference:away,0.1525974886610982,0.2103149500943935,0.6370875612445082,0,Team A loss,0.1525974886610982,0.2103149500943935,0.6370875612445082,2026-06-23T14:21:46.668538+00:00,retrospective_backtest,legacy_best_61_4
537355,2026-06-25T20:00:00Z,GROUP_STAGE,GROUP_E,Ecuador,Germany,0.3259440064430237,0.2360881119966507,0.437967836856842,0,Team A loss,draw_threshold,2,2,-3.0,-4.5,0.0499999999999998,-0.8500000000000005,0.0,,0.0,0.0,0.0,-2.165,26.0,25.57692307692308,25.0,3.0,8.0,8.0,7.0,26.0,27.615384615384617,27.5,3.0,7.0,10.0,6.0,0.0,-2.0384615384615365,-2.5,0.0,1.0,-2.0,1.0,8,0.8888888888888888,-0.5981818181818183,-0.0531717171717171,points per match:away; goal difference:away; starting XI rating:away,0.2757042351188025,0.2278771021139098,0.4964186627672876,0,Team A loss,0.2757042351188025,0.2278771021139098,0.4964186627672876,2026-06-23T14:21:46.668538+00:00,retrospective_backtest,legacy_best_61_4
537356,2026-06-25T20:00:00Z,GROUP_STAGE,GROUP_E,Curaçao,Ivory Coast,0.1211105287075042,0.1495509147644043,0.729338526725769,0,Team A loss,draw_threshold,2,2,-1.5,-6.0,-0.0999999999999996,-1.0,0.0,,0.0,0.0,0.0,-2.045,26.0,27.53846153846154,26.5,3.0,11.0,4.0,8.0,26.0,25.346153846153847,25.0,3.0,8.0,7.0,8.0,0.0,2.1923076923076934,1.5,0.0,3.0,-3.0,0.0,8,0.8888888888888888,-0.5781818181818181,-0.0473164199597907,goal difference:away; points per match:away; starting XI rating:away,0.0744991172718539,0.1414259892877425,0.7840748934404034,0,Team A loss,0.0744991172718539,0.1414259892877425,0.7840748934404034,2026-06-23T14:21:46.668538+00:00,retrospective_backtest,legacy_best_61_4
537361,2026-06-25T23:00:00Z,GROUP_STAGE,GROUP_F,Tunisia,Netherlands,0.1361440271139145,0.241365760564804,0.6224901676177979,0,Team A loss,draw_threshold,2,2,-2.0,-6.0,-0.2999999999999998,-1.5,0.0,,0.0,0.0,0.0,-2.26,26.0,26.15384615384616,26.5,3.0,10.0,7.0,6.0,26.0,27.26923076923077,27.0,3.0,7.0,11.0,5.0,0.0,-1.1153846153846132,-0.5,0.0,3.0,-4.0,1.0,8,0.8888888888888888,-0.6709090909090909,-0.0596363636363636,points per match:away; goal difference:away; starting XI rating:away,0.0774312100994546,0.2322081076474375,0.6903606822531078,0,Team A loss,0.0774312100994546,0.2322081076474375,0.6903606822531078,2026-06-23T14:21:46.668538+00:00,retrospective_backtest,legacy_best_61_4
537362,2026-06-25T23:00:00Z,GROUP_STAGE,GROUP_F,Japan,Sweden,0.720045804977417,0.1846720725297927,0.0952821001410484,2,Team A win,draw_threshold,2,2,-0.5,0.0,0.2249999999999996,8.881784197001252e-16,0.0,,0.0,0.0,0.0,-0.13,26.0,27.192307692307693,27.0,3.0,9.0,7.0,7.0,26.0,27.0,27.0,3.0,10.0,7.0,6.0,0.0,0.1923076923076934,0.0,0.0,-1.0,0.0,1.0,8,0.8888888888888888,-0.0309090909090908,-0.0025550256671327,points per match:away; player rating:home; starting XI rating:home,0.7178576242867324,0.1842552268815886,0.0978871488316789,2,Team A win,0.7178576242867324,0.1842552268815886,0.0978871488316789,2026-06-23T14:21:46.668538+00:00,retrospective_backtest,legacy_best_61_4
537349,2026-06-26T02:00:00Z,GROUP_STAGE,GROUP_D,Turkey,United States,0.4184132516384125,0.2751812636852264,0.3064055442810058,2,Team A win,draw_threshold,2,2,-3.0,-4.0,0.3000000000000007,-0.4499999999999993,0.0,,0.0,0.0,0.0,-1.99,26.0,27.23076923076923,27.0,3.0,10.0,8.0,5.0,26.0,26.423076923076923,26.5,3.0,9.0,8.0,6.0,0.0,0.8076923076923066,0.5,0.0,1.0,0.0,-1.0,8,0.8888888888888888,-0.5036363636363634,-0.0447676767676767,points per match:away; goal difference:away; starting XI rating:away,0.3770212252679896,0.2686329267264902,0.35434584800552,2,Team A win,0.3770212252679896,0.2686329267264902,0.35434584800552,2026-06-23T14:21:46.668538+00:00,retrospective_backtest,legacy_best_61_4
537350,2026-06-26T02:00:00Z,GROUP_STAGE,GROUP_D,Paraguay,Australia,0.3139945268630981,0.281866043806076,0.4041394591331482,0,Team A loss,draw_threshold,2,2,0.0,-1.0,0.0499999999999998,-0.0499999999999998,0.0,,0.0,0.0,0.0,-0.24,26.0,28.53846153846154,29.0,3.0,8.0,8.0,7.0,26.0,26.884615384615383,26.5,3.0,10.0,8.0,5.0,0.0,1.6538461538461569,2.5,0.0,-2.0,0.0,2.0,8,0.8888888888888888,-0.0757575757575757,-0.0067340067340067,goal difference:away; player rating:home; starting XI rating:away,0.3076748879130835,0.2808975472828692,0.4114275648040473,0,Team A loss,0.3076748879130835,0.2808975472828692,0.4114275648040473,2026-06-23T14:21:46.668538+00:00,retrospective_backtest,legacy_best_61_4
537395,2026-06-26T19:00:00Z,GROUP_STAGE,GROUP_I,Norway,France,0.236968383193016,0.2297616750001907,0.5332699418067932,0,Team A loss,draw_threshold,2,2,0.0,1.0,-0.2999999999999998,-0.5,0.0,,0.0,0.0,0.0,0.19,26.0,26.346153846153847,26.5,3.0,9.0,9.0,5.0,26.0,26.57692307692308,27.0,3.0,9.0,8.0,6.0,0.0,-0.2307692307692335,-0.5,0.0,0.0,1.0,-1.0,8,0.8888888888888888,-0.0406060606060605,-0.0036094276094276,goal difference:home; starting XI rating:away; player rating:away,0.2335275357305939,0.2292052494294084,0.5372672148399976,0,Team A loss,0.2335275357305939,0.2292052494294084,0.5372672148399976,2026-06-23T14:21:46.668538+00:00,retrospective_backtest,legacy_best_61_4
537396,2026-06-26T19:00:00Z,GROUP_STAGE,GROUP_I,Senegal,Iraq,0.5755910277366638,0.2712779343128204,0.1531310379505157,2,Team A win,draw_threshold,2,2,0.0,1.0,0.2999999999999998,0.1000000000000005,0.0,,0.0,0.0,0.0,0.3099999999999999,27.0,27.296296296296298,26.0,3.0,7.0,10.0,6.0,26.0,26.65384615384616,25.5,3.0,9.0,8.0,6.0,1.0,0.6424501424501408,0.5,0.0,-2.0,2.0,0.0,8,0.8888888888888888,0.1339393939393939,0.0119057239057239,goal difference:home; player rating:home; starting XI rating:home,0.5888990054358025,0.2695385999622929,0.1415623946019045,2,Team A win,0.5888990054358025,0.2695385999622929,0.1415623946019045,2026-06-23T14:21:46.668538+00:00,retrospective_backtest,legacy_best_61_4
537373,2026-06-27T00:00:00Z,GROUP_STAGE,GROUP_H,Uruguay,Spain,0.1884140074253082,0.2091994136571884,0.6023865938186646,0,Team A loss,draw_threshold,2,2,0.0,0.0,-0.1499999999999994,-0.2999999999999998,0.0,,0.0,0.0,0.0,-0.0299999999999998,26.0,28.192307692307693,27.0,3.0,9.0,10.0,4.0,26.0,26.192307692307693,26.5,3.0,7.0,11.0,5.0,0.0,2.0,0.5,0.0,2.0,-1.0,-1.0,8,0.8888888888888888,-0.0654545454545453,-0.0058181818181818,starting XI rating:away; player rating:away; points per match:away,0.1828085455542572,0.2082781342006722,0.6089133202450706,0,Team A loss,0.1828085455542572,0.2082781342006722,0.6089133202450706,2026-06-23T14:21:46.668538+00:00,retrospective_backtest,legacy_best_61_4
537374,2026-06-27T00:00:00Z,GROUP_STAGE,GROUP_H,Cape Verde Islands,Saudi Arabia,0.1476503163576126,0.1731547862291336,0.6791948676109314,0,Team A loss,draw_threshold,2,2,0.0,0.0,,,1.0,,,1.0,0.0,0.1,26.0,29.23076923076923,29.0,3.0,8.0,8.0,7.0,26.0,27.96153846153846,26.5,3.0,9.0,9.0,5.0,0.0,1.26923076923077,2.5,0.0,-1.0,-1.0,2.0,5,0.5555555555555556,0.0093896713615023,0.0005064189527329,shots on target:home; yellow cards:away; points per match:away,0.1481717471224082,0.1730710368871556,0.6787572159904361,0,Team A loss,0.1481717471224082,0.1730710368871556,0.6787572159904361,2026-06-23T14:21:46.668538+00:00,retrospective_backtest,legacy_best_61_4
537367,2026-06-27T03:00:00Z,GROUP_STAGE,GROUP_G,New Zealand,Belgium,0.1889820843935012,0.2436259388923645,0.5673919320106506,0,Team A loss,draw_threshold,2,2,0.0,0.0,-0.1000000000000005,-0.1000000000000005,0.0,,0.0,0.0,0.0,-0.0200000000000001,26.0,27.615384615384617,27.0,3.0,9.0,7.0,7.0,26.0,27.115384615384617,25.5,3.0,9.0,10.0,4.0,0.0,0.5,1.5,0.0,0.0,-3.0,3.0,8,0.8888888888888888,-0.0290909090909092,-0.0025858585858585,player rating:away; starting XI rating:away; points per match:away,0.1864926828855631,0.2432345720899487,0.570272745024488,0,Team A loss,0.1864926828855631,0.2432345720899487,0.570272745024488,2026-06-23T14:21:46.668538+00:00,retrospective_backtest,legacy_best_61_4
537368,2026-06-27T03:00:00Z,GROUP_STAGE,GROUP_G,Egypt,Iran,0.30284383893013,0.2740712761878967,0.4230849146842956,0,Team A loss,draw_threshold,2,2,0.0,0.0,0.1000000000000005,0.1000000000000005,0.0,,0.0,0.0,0.0,0.0200000000000001,26.0,28.65384615384616,28.5,4.0,8.0,9.0,5.0,26.0,29.846153846153847,31.0,3.0,9.0,6.0,8.0,0.0,-1.1923076923076898,-2.5,1.0,-1.0,3.0,-3.0,8,0.8888888888888888,0.0290909090909092,0.0025858585858585,player rating:home; starting XI rating:home; points per match:away,0.3055877297397006,0.2736956439601284,0.4207166263001708,0,Team A loss,0.3055877297397006,0.2736956439601284,0.4207166263001708,2026-06-23T14:21:46.668538+00:00,retrospective_backtest,legacy_best_61_4
537413,2026-06-27T21:00:00Z,GROUP_STAGE,GROUP_L,Panama,England,0.1614150553941726,0.1771025359630584,0.6614824533462524,0,Team A loss,draw_threshold,2,2,-3.0,-3.0,-0.0499999999999998,-0.5999999999999996,0.0,,0.0,0.0,0.0,-1.81,26.0,30.0,29.5,3.0,10.0,9.0,4.0,26.0,26.615384615384617,25.5,3.0,9.0,8.0,6.0,0.0,3.3846153846153832,4.0,0.0,1.0,1.0,-2.0,8,0.8888888888888888,-0.5763636363636362,-0.0506440504709879,points per match:away; goal difference:away; starting XI rating:away,0.111904458933901,0.1686822689971058,0.7194132720689931,0,Team A loss,0.111904458933901,0.1686822689971058,0.7194132720689931,2026-06-23T14:21:46.668538+00:00,retrospective_backtest,legacy_best_61_4
537414,2026-06-27T21:00:00Z,GROUP_STAGE,GROUP_L,Croatia,Ghana,0.7878166437149048,0.1307939440011978,0.081389345228672,2,Team A win,draw_threshold,2,2,-3.0,-3.0,0.0499999999999998,-0.5,0.0,,0.0,0.0,0.0,-1.7899999999999998,26.0,27.884615384615383,28.0,3.0,7.0,10.0,6.0,26.0,26.423076923076923,26.5,3.0,9.0,5.0,9.0,0.0,1.46153846153846,1.5,0.0,-2.0,5.0,-3.0,8,0.8888888888888888,-0.5472727272727274,-0.0419421721602931,points per match:away; goal difference:away; starting XI rating:away,0.7521841695798436,0.1234409945353911,0.1243748358847652,2,Team A win,0.7521841695798436,0.1234409945353911,0.1243748358847652,2026-06-23T14:21:46.668538+00:00,retrospective_backtest,legacy_best_61_4
537407,2026-06-27T23:30:00Z,GROUP_STAGE,GROUP_K,Colombia,Portugal,0.3148629069328308,0.3002246916294098,0.384912371635437,0,Team A loss,draw_threshold,2,2,2.0,2.0,-0.0999999999999996,0.4000000000000003,0.0,,0.0,0.0,0.0,1.18,26.0,29.615384615384617,29.0,3.0,8.0,10.0,5.0,26.0,27.53846153846154,26.5,3.0,9.0,7.0,7.0,0.0,2.0769230769230766,2.5,0.0,-1.0,3.0,-2.0,8,0.8888888888888888,0.4496969696969698,0.0399730639730639,points per match:home; goal difference:home; starting XI rating:home,0.3576956195426274,0.2945851820798787,0.3477191983774939,2,Team A win,0.3576956195426274,0.2945851820798787,0.3477191983774939,2026-06-23T14:21:46.668538+00:00,retrospective_backtest,legacy_best_61_4
537408,2026-06-27T23:30:00Z,GROUP_STAGE,GROUP_K,Congo DR,Uzbekistan,0.3418991565704345,0.2880885601043701,0.3700122833251953,0,Team A loss,draw_threshold,2,2,1.0,2.0,0.0999999999999996,0.5999999999999996,0.0,,0.0,0.0,0.0,0.8699999999999999,26.0,28.5,29.0,3.0,8.0,7.0,8.0,26.0,27.65384615384616,28.0,3.0,10.0,9.0,4.0,0.0,0.8461538461538431,1.0,0.0,-2.0,-2.0,4.0,8,0.8888888888888888,0.3806060606060605,0.0338316498316498,goal difference:home; points per match:home; starting XI rating:home,0.3782904443718136,0.2832387167548432,0.338470838873343,2,Team A win,0.3782904443718136,0.2832387167548432,0.338470838873343,2026-06-23T14:21:46.668538+00:00,retrospective_backtest,legacy_best_61_4
537401,2026-06-28T02:00:00Z,GROUP_STAGE,GROUP_J,Jordan,Argentina,0.0588904023170471,0.1918292194604873,0.7492803335189819,0,Team A loss,draw_threshold,2,2,-3.0,-5.0,0.2000000000000001,-0.5,0.0,,0.0,0.0,0.0,-2.26,26.0,28.03846153846154,28.5,3.0,8.0,7.0,8.0,26.0,28.615384615384617,28.0,3.0,9.0,8.0,6.0,0.0,-0.5769230769230766,0.5,0.0,-1.0,-1.0,2.0,8,0.8888888888888888,-0.5254545454545455,-0.042069977149578,points per match:away; goal difference:away; starting XI rating:away,0.0169631538245377,0.184971582347986,0.7980652638274762,0,Team A loss,0.0169631538245377,0.184971582347986,0.7980652638274762,2026-06-23T14:21:46.668538+00:00,retrospective_backtest,legacy_best_61_4
537402,2026-06-28T02:00:00Z,GROUP_STAGE,GROUP_J,Algeria,Austria,0.4143573045730591,0.2992458641529083,0.2863968312740326,2,Team A win,draw_threshold,2,2,-3.0,-5.0,-0.2000000000000001,-0.8999999999999995,0.0,,0.0,0.0,0.0,-2.34,26.0,26.46153846153846,26.0,3.0,9.0,8.0,6.0,26.0,28.115384615384617,28.0,3.0,9.0,11.0,3.0,0.0,-1.6538461538461569,-2.0,0.0,0.0,-3.0,3.0,8,0.8888888888888888,-0.6418181818181817,-0.057050505050505,points per match:away; goal difference:away; starting XI rating:away,0.3614307610138801,0.2911579042400759,0.3474113347460439,2,Team A win,0.3614307610138801,0.2911579042400759,0.3474113347460439,2026-06-23T14:21:46.668538+00:00,retrospective_backtest,legacy_best_61_4
537417,2026-06-28 19:00:00+00:00,LAST_32,,South Africa,Canada,0.186140701174736,0.2926610708236694,0.5211982131004333,0,Team A loss,draw_threshold,3,3,0.0,-2.0,-0.0166666666666674,-0.1803030303030306,0.0,,0.0,0.0,0.0,-0.5033333333333335,26.0,26.346153846153847,25.5,3.0,10.0,7.0,6.0,26.0,26.46153846153846,26.0,3.0,8.0,9.0,6.0,0.0,-0.1153846153846132,-0.5,0.0,2.0,-2.0,0.0,8,0.8888888888888888,-0.1801652892561984,-0.0160146923783287,goal difference:away; starting XI rating:away; player rating:away,0.1701260113314824,0.2926610751846593,0.5372129134838584,0,Team A loss,0.1701260113314824,0.2926610751846593,0.5372129134838584,2026-06-28T15:56:53.359141+00:00,pre_match_snapshot,xgboost_slow_learning
537423,2026-06-29 17:00:00+00:00,LAST_32,,Brazil,Japan,0.4094794392585754,0.3080779314041137,0.2824426591396332,2,Team A win,draw_threshold,3,3,0.6666666666666667,0.6666666666666667,0.0333333333333341,0.2933333333333339,0.0,,0.0,0.0,0.0,0.4066666666666668,26.0,28.65384615384616,28.5,3.0,9.0,5.0,9.0,26.0,27.192307692307693,27.0,3.0,9.0,7.0,7.0,0.0,1.4615384615384637,1.5,0.0,0.0,-2.0,2.0,8,0.8888888888888888,0.182868686868687,0.0162549943883277,points per match:home; goal difference:home; starting XI rating:home,0.4257344209590287,0.3080779222226762,0.2661876568182951,2,Team A win,0.4257344209590287,0.3080779222226762,0.2661876568182951,2026-06-28T15:56:53.359141+00:00,pre_match_snapshot,xgboost_slow_learning
537415,2026-06-29 20:30:00+00:00,LAST_32,,Germany,Paraguay,0.5099707841873169,0.3027055561542511,0.1873236447572708,2,Team A win,draw_threshold,3,3,0.6666666666666667,2.6666666666666665,-0.0666666666666664,0.4133333333333322,0.0,,0.0,0.0,0.0,0.8866666666666666,26.0,27.615384615384617,27.5,3.0,7.0,10.0,6.0,26.0,28.53846153846154,29.0,3.0,8.0,8.0,7.0,0.0,-0.9230769230769234,-1.5,0.0,-1.0,2.0,-1.0,8,0.8888888888888888,0.3372929292929291,0.029981593714927,goal difference:home; points per match:home; starting XI rating:home,0.5399523859481614,0.3027055606649154,0.1573420533869231,2,Team A win,0.5399523859481614,0.3027055606649154,0.1573420533869231,2026-06-28T15:56:53.359141+00:00,pre_match_snapshot,xgboost_slow_learning
537418,2026-06-30 01:00:00+00:00,LAST_32,,Netherlands,Morocco,0.3673963546752929,0.2590604722499847,0.3735432028770447,0,Team A loss,draw_threshold,3,3,0.0,1.0,-0.0166666666666674,0.2206060606060607,0.0,,0.0,0.0,0.0,0.2466666666666665,26.0,27.26923076923077,27.0,3.0,7.0,11.0,5.0,26.0,25.884615384615383,25.5,3.0,9.0,9.0,5.0,0.0,1.3846153846153868,1.5,0.0,-2.0,2.0,0.0,8,0.8888888888888888,0.1054214876033056,0.0093707988980716,goal difference:home; starting XI rating:home; player rating:away,0.3767671423448288,0.2590604645293812,0.36417239312579,2,Team A win,0.3767671423448288,0.2590604645293812,0.36417239312579,2026-06-28T15:56:53.359141+00:00,pre_match_snapshot,xgboost_slow_learning
537424,2026-06-30 17:00:00+00:00,LAST_32,,Ivory Coast,Norway,0.3082614243030548,0.2813431322574615,0.410395473241806,0,Team A loss,draw_threshold,3,3,0.0,0.3333333333333333,0.083333333333333,0.3645454545454551,0.0,,0.0,0.0,0.0,0.0999999999999999,26.0,25.346153846153847,25.0,3.0,8.0,7.0,8.0,26.0,26.346153846153847,26.5,3.0,9.0,9.0,5.0,0.0,-1.0,-1.5,0.0,-1.0,-2.0,3.0,8,0.8888888888888888,0.0903985307621671,0.008035424956637,starting XI rating:home; goal difference:home; player rating:home,0.3162968398333114,0.2813431238727831,0.4023600362939054,0,Team A loss,0.3162968398333114,0.2813431238727831,0.4023600362939054,2026-06-28T15:56:53.359141+00:00,pre_match_snapshot,xgboost_slow_learning
537416,2026-06-30 21:00:00+00:00,LAST_32,,France,Sweden,0.8284145593643188,0.1377135515213012,0.0338718481361866,2,Team A win,draw_threshold,3,3,1.6666666666666667,2.6666666666666665,0.1833333333333318,1.0175757575757585,0.0,,0.0,0.0,0.0,1.2866666666666664,26.0,26.57692307692308,27.0,3.0,9.0,8.0,6.0,26.0,27.0,27.0,3.0,10.0,7.0,6.0,0.0,-0.4230769230769198,0.0,0.0,-1.0,1.0,0.0,8,0.8888888888888888,0.5862626262626259,0.0428146522778854,points per match:home; goal difference:home; starting XI rating:home,0.8550325328748635,0.1351533731823589,0.0098140939427775,2,Team A win,0.8550325328748635,0.1351533731823589,0.0098140939427775,2026-06-28T15:56:53.359141+00:00,pre_match_snapshot,xgboost_slow_learning
537425,2026-07-01 01:00:00+00:00,LAST_32,,Mexico,Ecuador,0.373915433883667,0.4215122163295746,0.204572394490242,2,Team A win,draw_threshold,3,3,1.6666666666666667,2.0,-0.3666666666666671,0.1224242424242412,0.0,,0.0,0.0,0.0,1.01,26.0,27.5,28.0,3.0,6.0,9.0,8.0,26.0,25.57692307692308,25.0,3.0,8.0,8.0,7.0,0.0,1.92307692307692,3.0,0.0,-2.0,1.0,1.0,8,0.8888888888888888,0.3281101928374653,0.0291653504744413,points per match:home; goal difference:home; player rating:away,0.4030807663389939,0.421512197486511,0.1754070361744951,2,Team A win,0.4030807663389939,0.421512197486511,0.1754070361744951,2026-07-01T00:30:42.029516+00:00,pre_match_snapshot,xgboost_slow_learning
537426,2026-07-01 16:00:00+00:00,LAST_32,,England,Congo DR,0.7363091111183167,0.1866180151700973,0.0770728215575218,2,Team A win,draw_threshold,3,3,1.0000000000000002,1.0,-0.0166666666666657,0.418484848484848,0.0,,0.0,0.0,0.0,0.5966666666666669,26.0,26.615384615384617,25.5,3.0,9.0,8.0,6.0,26.0,28.5,29.0,3.0,8.0,7.0,8.0,0.0,-1.8846153846153832,-3.5,0.0,1.0,1.0,-2.0,8,0.8888888888888888,0.2614765840220386,0.0212363353312749,points per match:home; goal difference:home; starting XI rating:home,0.7575454859586674,0.1866180249029858,0.0558364891383467,2,Team A win,0.7575454859586674,0.1866180249029858,0.0558364891383467,2026-07-01T00:30:42.029516+00:00,pre_match_snapshot,xgboost_slow_learning
537422,2026-07-01 20:00:00+00:00,LAST_32,,Belgium,Senegal,0.5114455819129944,0.2473863214254379,0.2411680966615677,2,Team A win,draw_threshold,3,3,0.6666666666666667,0.6666666666666666,0.0500000000000007,0.5530303030303036,0.0,,0.0,0.0,0.0,0.4100000000000001,26.0,27.115384615384617,25.5,3.0,9.0,10.0,4.0,27.0,27.296296296296298,26.0,3.0,7.0,10.0,6.0,-1.0,-0.1809116809116808,-0.5,0.0,2.0,0.0,-2.0,8,0.8888888888888888,0.223067033976125,0.0198281807978777,points per match:home; starting XI rating:home; goal difference:home,0.5312737627108721,0.2473863214254379,0.2213399158636899,2,Team A win,0.5312737627108721,0.2473863214254379,0.2213399158636899,2026-07-01T00:30:42.029516+00:00,pre_match_snapshot,xgboost_slow_learning
537421,2026-07-02 00:00:00+00:00,LAST_32,,United States,Bosnia-Herzegovina,0.7365119457244873,0.1844760030508041,0.0790120810270309,2,Team A win,draw_threshold,3,3,0.6666666666666667,1.6666666666666663,-1.7763568394002505e-15,0.3912121212121215,0.0,,0.0,0.0,0.0,0.6499999999999996,26.0,26.423076923076923,26.5,3.0,9.0,8.0,6.0,26.0,25.923076923076923,27.0,3.0,8.0,8.0,7.0,0.0,0.5,-0.5,0.0,1.0,0.0,-1.0,8,0.8888888888888888,0.2680146923783285,0.0217625084318159,goal difference:home; points per match:home; starting XI rating:home,0.7582744315579641,0.184475997552991,0.0572495708890448,2,Team A win,0.7582744315579641,0.184475997552991,0.0572495708890448,2026-07-01T23:02:01.368547+00:00,pre_match_snapshot,xgboost_slow_learning
537420,2026-07-02 19:00:00+00:00,LAST_32,,Spain,Austria,0.702966570854187,0.2066514790058136,0.0903819426894187,2,Team A win,draw_threshold,3,3,1.0000000000000002,1.6666666666666667,0.0333333333333341,0.8857575757575757,0.0,,0.0,0.0,0.0,0.7733333333333335,26.0,26.192307692307693,26.5,3.0,7.0,11.0,5.0,26.0,28.115384615384617,28.0,3.0,9.0,11.0,3.0,0.0,-1.9230769230769236,-1.5,0.0,-2.0,0.0,2.0,8,0.8888888888888888,0.3872213039485768,0.0325965794948207,starting XI rating:home; points per match:home; goal difference:home,0.7355631558293804,0.2066514805454871,0.0577853636251325,2,Team A win,0.7355631558293804,0.2066514805454871,0.0577853636251325,2026-07-01T23:02:01.368547+00:00,pre_match_snapshot,xgboost_slow_learning
537419,2026-07-02 23:00:00+00:00,LAST_32,,Portugal,Croatia,0.4913496375083923,0.2670179307460785,0.2416324913501739,2,Team A win,draw_threshold,3,3,-0.3333333333333332,1.6666666666666667,0.0333333333333332,0.1312121212121217,0.0,,0.0,0.0,0.0,0.3066666666666667,26.0,27.53846153846154,26.5,3.0,9.0,7.0,7.0,26.0,27.884615384615383,28.0,3.0,7.0,10.0,6.0,0.0,-0.3461538461538431,-1.5,0.0,2.0,-3.0,1.0,8,0.8888888888888888,0.1077722681359045,0.0095797571676359,goal difference:home; points per match:away; starting XI rating:home,0.5009293648183114,0.2670179148305705,0.232052720351118,2,Team A win,0.5009293648183114,0.2670179148305705,0.232052720351118,2026-07-01T23:02:01.368547+00:00,pre_match_snapshot,xgboost_slow_learning
537429,2026-07-03 03:00:00+00:00,LAST_32,,Switzerland,Algeria,0.4333901703357696,0.2868317067623138,0.2797782123088836,2,Team A win,draw_threshold,3,3,1.0000000000000002,2.0,0.0500000000000007,0.583636363636364,0.0,,0.0,0.0,0.0,0.8600000000000002,26.0,27.807692307692307,28.5,3.0,8.0,10.0,5.0,26.0,26.46153846153846,26.0,3.0,9.0,8.0,6.0,0.0,1.3461538461538467,2.5,0.0,-1.0,2.0,-1.0,8,0.8888888888888888,0.3709531680440773,0.0329736149372513,goal difference:home; points per match:home; starting XI rating:home,0.466363743576853,0.2868316811175631,0.2468045753055837,2,Team A win,0.466363743576853,0.2868316811175631,0.2468045753055837,2026-07-01T23:02:01.368547+00:00,pre_match_snapshot,xgboost_slow_learning
537428,2026-07-03 18:00:00+00:00,LAST_32,,Australia,Egypt,0.4711757600307464,0.3062555491924286,0.2225686162710189,2,Team A win,draw_threshold,3,3,-0.3333333333333335,-0.6666666666666666,0.0166666666666666,-0.3233333333333341,0.0,,0.0,0.0,0.0,-0.2800000000000001,26.0,26.884615384615383,26.5,3.0,10.0,8.0,5.0,26.0,28.65384615384616,28.5,4.0,8.0,9.0,5.0,0.0,-1.7692307692307736,-2.0,-1.0,2.0,-1.0,0.0,8,0.8888888888888888,-0.1375353535353536,-0.0122253647586981,goal difference:away; starting XI rating:away; points per match:away,0.45895042946652,0.3062555720102468,0.2347939985232331,2,Team A win,0.45895042946652,0.3062555720102468,0.2347939985232331,2026-07-01T23:02:01.368547+00:00,pre_match_snapshot,xgboost_slow_learning
537427,2026-07-03 22:00:00+00:00,LAST_32,,Argentina,Cape Verde Islands,0.8466861844062805,0.1387298256158828,0.0145840132609009,2,Team A win,draw_threshold,3,3,2.0,2.333333333333333,,,-2.333333333333333,,,-1.3333333333333333,0.0,1.0499999999999998,26.0,28.615384615384617,28.0,3.0,9.0,8.0,6.0,26.0,29.23076923076923,29.0,3.0,8.0,8.0,7.0,0.0,-0.6153846153846132,-1.0,0.0,1.0,0.0,-1.0,5,0.5555555555555556,0.6369327073552425,0.0284253801901098,points per match:home; goal difference:home; shots on target:away,0.854733529003895,0.1354993331409662,0.0097671378551385,2,Team A win,0.854733529003895,0.1354993331409662,0.0097671378551385,2026-07-01T23:02:01.368547+00:00,pre_match_snapshot,xgboost_slow_learning
537430,2026-07-04 01:30:00+00:00,LAST_32,,Colombia,Ghana,0.7519479393959045,0.1840364187955856,0.064015582203865,2,Team A win,draw_threshold,3,3,1.0000000000000002,1.0,0.0333333333333332,0.6236363636363622,0.0,,0.0,0.0,0.0,0.6066666666666667,26.0,29.615384615384617,29.0,3.0,8.0,10.0,5.0,26.0,26.423076923076923,26.5,3.0,9.0,5.0,9.0,0.0,3.1923076923076934,2.5,0.0,-1.0,5.0,-4.0,8,0.8888888888888888,0.2985895316804405,0.023835461706705,points per match:home; starting XI rating:home; goal difference:home,0.7757834473429064,0.1840364297650116,0.0401801228920819,2,Team A win,0.7757834473429064,0.1840364297650116,0.0401801228920819,2026-07-01T23:02:01.368547+00:00,pre_match_snapshot,xgboost_slow_learning
537376,2026-07-04 17:00:00+00:00,LAST_16,,Canada,Morocco,0.2512083649635315,0.3006967902183532,0.4480948448181152,0,Team A loss,draw_threshold,4,4,-0.25,0.75,-0.0499999999999998,-0.2004545454545452,0.0,,0.0,0.0,0.0,0.09,26.0,26.46153846153846,26.0,3.0,8.0,9.0,6.0,26.0,25.884615384615383,25.5,3.0,9.0,9.0,5.0,0.0,0.5769230769230766,0.5,0.0,-1.0,0.0,1.0,8,0.8888888888888888,-0.0114297520661156,-0.0010159779614325,goal difference:home; points per match:away; starting XI rating:away,0.250192387002099,0.3006967902183532,0.4491108227795477,0,Team A loss,0.250192387002099,0.3006967902183532,0.4491108227795477,2026-07-01T23:02:01.368547+00:00,pre_match_snapshot,xgboost_slow_learning
537375,2026-07-04 21:00:00+00:00,LAST_16,,Paraguay,France,0.1240313723683357,0.2476142793893814,0.6283543705940247,0,Team A loss,draw_threshold,4,4,-1.75,-3.25,0.0500000000000007,-0.8822727272727269,0.0,,0.0,0.0,0.0,-1.4149999999999996,26.0,28.53846153846154,29.0,3.0,8.0,8.0,7.0,26.0,26.57692307692308,27.0,3.0,9.0,8.0,6.0,0.0,1.96153846153846,2.0,0.0,-1.0,0.0,1.0,8,0.8888888888888888,-0.5710578512396692,-0.0507606978879706,goal difference:away; points per match:away; starting XI rating:away,0.0732706728426379,0.247614273854771,0.6791150533025909,0,Team A loss,0.0732706728426379,0.247614273854771,0.6791150533025909,2026-07-01T23:02:01.368547+00:00,pre_match_snapshot,xgboost_slow_learning
537377,2026-07-05 20:00:00+00:00,LAST_16,,Brazil,Norway,0.527165949344635,0.2602504193782806,0.2125836312770843,2,Team A win,draw_threshold,4,4,0.25,1.25,8.881784197001252e-16,0.5536363636363637,0.0,,0.0,0.0,0.0,0.4000000000000002,26.0,28.65384615384616,28.5,3.0,9.0,5.0,9.0,26.0,26.346153846153847,26.5,3.0,9.0,9.0,5.0,0.0,2.30769230769231,2.0,0.0,0.0,-4.0,4.0,8,0.8888888888888888,0.2070440771349863,0.0184039179675543,goal difference:home; starting XI rating:home; points per match:home,0.5455698673121894,0.2602504193782806,0.19417971330953,2,Team A win,0.5455698673121894,0.2602504193782806,0.19417971330953,2026-07-01T23:02:01.368547+00:00,pre_match_snapshot,xgboost_slow_learning
537378,2026-07-06 00:00:00+00:00,LAST_16,,,,0.3684704601764679,0.1818136274814605,0.4497158825397491,0,Team A loss,draw_threshold,0,0,,,,,,,,,,,,,,,,,,,,,,,,,,,,,,,,0,0.0,0.0,0.0,,0.3684704711577437,0.181813632899929,0.4497158959423272,0,Team A loss,0.3684704711577437,0.181813632899929,0.4497158959423272,2026-07-01T23:02:01.368547+00:00,pre_match_snapshot,xgboost_slow_learning
537379,2026-07-06 19:00:00+00:00,LAST_16,,,,0.3684704601764679,0.1818136274814605,0.4497158825397491,0,Team A loss,draw_threshold,0,0,,,,,,,,,,,,,,,,,,,,,,,,,,,,,,,,0,0.0,0.0,0.0,,0.3684704711577437,0.181813632899929,0.4497158959423272,0,Team A loss,0.3684704711577437,0.181813632899929,0.4497158959423272,2026-07-01T23:02:01.368547+00:00,pre_match_snapshot,xgboost_slow_learning
537380,2026-07-07 00:00:00+00:00,LAST_16,,,,0.3684704601764679,0.1818136274814605,0.4497158825397491,0,Team A loss,draw_threshold,0,0,,,,,,,,,,,,,,,,,,,,,,,,,,,,,,,,0,0.0,0.0,0.0,,0.3684704711577437,0.181813632899929,0.4497158959423272,0,Team A loss,0.3684704711577437,0.181813632899929,0.4497158959423272,2026-07-01T23:02:01.368547+00:00,pre_match_snapshot,xgboost_slow_learning
537381,2026-07-07 16:00:00+00:00,LAST_16,,,,0.3684704601764679,0.1818136274814605,0.4497158825397491,0,Team A loss,draw_threshold,0,0,,,,,,,,,,,,,,,,,,,,,,,,,,,,,,,,0,0.0,0.0,0.0,,0.3684704711577437,0.181813632899929,0.4497158959423272,0,Team A loss,0.3684704711577437,0.181813632899929,0.4497158959423272,2026-07-01T23:02:01.368547+00:00,pre_match_snapshot,xgboost_slow_learning
537382,2026-07-07 20:00:00+00:00,LAST_16,,,,0.3684704601764679,0.1818136274814605,0.4497158825397491,0,Team A loss,draw_threshold,0,0,,,,,,,,,,,,,,,,,,,,,,,,,,,,,,,,0,0.0,0.0,0.0,,0.3684704711577437,0.181813632899929,0.4497158959423272,0,Team A loss,0.3684704711577437,0.181813632899929,0.4497158959423272,2026-07-01T23:02:01.368547+00:00,pre_match_snapshot,xgboost_slow_learning
537383,2026-07-09 20:00:00+00:00,QUARTER_FINALS,,,,0.3684704601764679,0.1818136274814605,0.4497158825397491,0,Team A loss,draw_threshold,0,0,,,,,,,,,,,,,,,,,,,,,,,,,,,,,,,,0,0.0,0.0,0.0,,0.3684704711577437,0.181813632899929,0.4497158959423272,0,Team A loss,0.3684704711577437,0.181813632899929,0.4497158959423272,2026-07-01T23:02:01.368547+00:00,pre_match_snapshot,xgboost_slow_learning
537384,2026-07-10 19:00:00+00:00,QUARTER_FINALS,,,,0.3684704601764679,0.1818136274814605,0.4497158825397491,0,Team A loss,draw_threshold,0,0,,,,,,,,,,,,,,,,,,,,,,,,,,,,,,,,0,0.0,0.0,0.0,,0.3684704711577437,0.181813632899929,0.4497158959423272,0,Team A loss,0.3684704711577437,0.181813632899929,0.4497158959423272,2026-07-01T23:02:01.368547+00:00,pre_match_snapshot,xgboost_slow_learning
537385,2026-07-11 21:00:00+00:00,QUARTER_FINALS,,,,0.3684704601764679,0.1818136274814605,0.4497158825397491,0,Team A loss,draw_threshold,0,0,,,,,,,,,,,,,,,,,,,,,,,,,,,,,,,,0,0.0,0.0,0.0,,0.3684704711577437,0.181813632899929,0.4497158959423272,0,Team A loss,0.3684704711577437,0.181813632899929,0.4497158959423272,2026-07-01T23:02:01.368547+00:00,pre_match_snapshot,xgboost_slow_learning
537386,2026-07-12 01:00:00+00:00,QUARTER_FINALS,,,,0.3684704601764679,0.1818136274814605,0.4497158825397491,0,Team A loss,draw_threshold,0,0,,,,,,,,,,,,,,,,,,,,,,,,,,,,,,,,0,0.0,0.0,0.0,,0.3684704711577437,0.181813632899929,0.4497158959423272,0,Team A loss,0.3684704711577437,0.181813632899929,0.4497158959423272,2026-07-01T23:02:01.368547+00:00,pre_match_snapshot,xgboost_slow_learning
537387,2026-07-14 19:00:00+00:00,SEMI_FINALS,,,,0.3684704601764679,0.1818136274814605,0.4497158825397491,0,Team A loss,draw_threshold,0,0,,,,,,,,,,,,,,,,,,,,,,,,,,,,,,,,0,0.0,0.0,0.0,,0.3684704711577437,0.181813632899929,0.4497158959423272,0,Team A loss,0.3684704711577437,0.181813632899929,0.4497158959423272,2026-07-01T23:02:01.368547+00:00,pre_match_snapshot,xgboost_slow_learning
537388,2026-07-15 19:00:00+00:00,SEMI_FINALS,,,,0.3684704601764679,0.1818136274814605,0.4497158825397491,0,Team A loss,draw_threshold,0,0,,,,,,,,,,,,,,,,,,,,,,,,,,,,,,,,0,0.0,0.0,0.0,,0.3684704711577437,0.181813632899929,0.4497158959423272,0,Team A loss,0.3684704711577437,0.181813632899929,0.4497158959423272,2026-07-01T23:02:01.368547+00:00,pre_match_snapshot,xgboost_slow_learning
537389,2026-07-18 21:00:00+00:00,THIRD_PLACE,,,,0.3684704601764679,0.1818136274814605,0.4497158825397491,0,Team A loss,draw_threshold,0,0,,,,,,,,,,,,,,,,,,,,,,,,,,,,,,,,0,0.0,0.0,0.0,,0.3684704711577437,0.181813632899929,0.4497158959423272,0,Team A loss,0.3684704711577437,0.181813632899929,0.4497158959423272,2026-07-01T23:02:01.368547+00:00,pre_match_snapshot,xgboost_slow_learning
537390,2026-07-19 19:00:00+00:00,FINAL,,,,0.3684704601764679,0.1818136274814605,0.4497158825397491,0,Team A loss,draw_threshold,0,0,,,,,,,,,,,,,,,,,,,,,,,,,,,,,,,,0,0.0,0.0,0.0,,0.3684704711577437,0.181813632899929,0.4497158959423272,0,Team A loss,0.3684704711577437,0.181813632899929,0.4497158959423272,2026-07-01T23:02:01.368547+00:00,pre_match_snapshot,xgboost_slow_learning
